template_id,canonical_signature,abstract_incidence_signature,kind,family,tau,pressure,num_obligations,is_abstract_atom,contained_abstract_atom_count,contained_abstract_atoms
T_0001,2a430e490927cc5e285900db0baf1ee232b04da5,21efb3da5188037434fc954641ee85b3db0396e9,proto,rail_ladder,4,2,4,0,0,[]
T_0002,9c1e6f2a3a0dd688a13d567d94dc42d0d49f7150,c7eb3b621de0ee9890e15800185ad7ae4d8039f1,proto,adjacent,4,2,4,0,0,[]
T_0003,7535cc79660de82b75a14f294925c232737a7a4e,a67063eeea2486a8d51f6cb0a2c311d359586e72,proto,rail_ladder,3,1,3,0,0,[]
T_0078,00a30e695aa5483600aa4e0055d1f568fd752370,fba1795049d20d001015e0ea3f24febffb14b056,proto,kink_bridge,15,13,15,0,3,"[""T_0087"",""T_0120"",""T_0253""]"
T_0050,87ace0e6ea2e7a5e10fd27521d22f446c6ca543e,bfcc14b5618695fcfc9b4f8dafa1adcba5914527,proto,kink_bridge,14,12,14,0,4,"[""T_0087"",""T_0114"",""T_0120"",""T_0253""]"
T_0074,06bc68f756ab02f1a93133496fbe532202852b59,b9fa4e0f06158ee4bf3b909c55fdb9f5f37b062d,proto,kink_bridge,14,12,14,0,4,"[""T_0087"",""T_0114"",""T_0120"",""T_0253""]"
T_0070,db84e1589f91eb9d505009ae1390ebc366f62780,5d56cafe9bc7c271c48194f87235f67b77a3aa0e,proto,kink_bridge,12,10,12,0,3,"[""T_0087"",""T_0120"",""T_0253""]"
T_0076,9f4212132dadfba18a80565709fbdaffe27cb163,3d2f489d8e4b41890316619bcd571e1eb1404bee,proto,rail_ladder,12,10,12,0,3,"[""T_0087"",""T_0120"",""T_0253""]"
T_0044,72029f15fc36e45d0ebac64ba54c3737ce6f11c9,72b433ed5503c6595beb79cf6c9be6ebc11e7cb4,proto,kink_bridge,11,9,11,0,4,"[""T_0087"",""T_0114"",""T_0120"",""T_0253""]"
T_0058,272a619e544f5ee148d5d2b76128cc48964de856,6ceed28760e7acda92edfef1afd0ad3d2b5899bf,proto,kink_bridge,11,9,11,0,4,"[""T_0087"",""T_0114"",""T_0120"",""T_0253""]"
T_0064,5549128e516d90e03b8532a497908bfe4f5f4adf,29be08bfb358480d85f4e2df68b4d77e5e9bc665,proto,kink_bridge,11,9,11,0,4,"[""T_0087"",""T_0114"",""T_0120"",""T_0253""]"
T_0066,2418e039bc31d4b6ac474a7ea686978c57897bfa,e735518816bc26b7988c3688eb3123462db70041,proto,kink_bridge,11,9,11,0,4,"[""T_0087"",""T_0114"",""T_0120"",""T_0253""]"
T_0072,09e1acd847bbba4cd58ead9f42d50b8eb1d2028e,1b1a03925fe5ec70bb6ea2c22b331600b112d058,proto,bridge_fork,11,9,11,0,3,"[""T_0087"",""T_0120"",""T_0253""]"
T_0088,3fc098f54ef9581564316fde6da3e0e87a0a6991,8bf9a1f1f0f0ce640cf66c2793bc85a37fec7aa5,proto,rail,11,9,11,0,3,"[""T_0087"",""T_0120"",""T_0253""]"
T_0094,2a648e573711b7975a5f8210daa79a60ba951958,890a2efdc0ea119b5aa742742e0686bfcd10d36e,proto,kink_bridge,11,9,11,0,3,"[""T_0087"",""T_0120"",""T_0253""]"
T_0096,eb13bd79bacdb9fd3cc909559248f2b4b77c676d,6ceed28760e7acda92edfef1afd0ad3d2b5899bf,proto,adjacent,11,9,11,0,4,"[""T_0087"",""T_0114"",""T_0120"",""T_0253""]"
T_0046,4f026ef72d990d662db51719257bbc846d74c521,f26d4b673dfcc499617d51f07899d231eb8259c9,proto,kink_bridge,10,8,10,0,3,"[""T_0087"",""T_0120"",""T_0253""]"
T_0048,9f2646115ca2da2b16aba196e14928fdd495c04a,5407e71e390306f40e46e536d0140b26ec2954b4,proto,bridge_fork,10,8,10,0,3,"[""T_0087"",""T_0120"",""T_0253""]"
T_0056,d894e6843482ef171189d0462d7ed515b09e983b,84a050940fe405b194fa866823c49a62f0e51997,proto,kink_bridge,10,8,10,0,4,"[""T_0087"",""T_0114"",""T_0120"",""T_0253""]"
T_0060,c218939bd22743d4635c37df7328254636a931ef,229af051f506a2c4958d140b02eadbb3fd6a1e36,proto,rail,10,8,10,0,3,"[""T_0087"",""T_0120"",""T_0253""]"
T_0062,4bfe2a210900014c6706a885431e59fba5f001b7,7c260f45389554ef965eb9061d67132ed32211eb,proto,bridge_fork,10,8,10,0,3,"[""T_0087"",""T_0120"",""T_0253""]"
T_0068,91fed06201379857d5426fb9322eb4a55352d771,607ad14498fb0620c03b0ae450c507cc2ecd3fd5,proto,kink_bridge,10,8,10,0,4,"[""T_0087"",""T_0114"",""T_0120"",""T_0253""]"
T_0082,9b389e8ed86b48fae3abb28dfe40e6daa869da26,9638efa916545a52cc6830b31ca989a7c3765c9e,proto,kink_bridge,10,8,10,0,4,"[""T_0087"",""T_0114"",""T_0120"",""T_0253""]"
T_0090,02d71a2187b310b3e102401b60b07603abe99800,8dbcd46f23ec2d1084b08bfb998244ace6a22f0c,proto,rail_ladder,10,8,10,0,4,"[""T_0087"",""T_0114"",""T_0120"",""T_0253""]"
T_0092,89e8b6326280ec300c2f01ad81412899e1710c26,46ec1d70103095bda8534b723d484e8b1214ffc7,proto,kink_bridge,10,8,10,0,4,"[""T_0087"",""T_0114"",""T_0120"",""T_0253""]"
T_0098,5afbeeb7efdb7dbf88cf944055697b9cb1d007a5,80b278c1f8f087dad8da78c7827f516d9ab594d7,proto,rail,10,8,10,0,3,"[""T_0087"",""T_0120"",""T_0253""]"
T_0042,1c81aab59176cf24600cd05e75adfc787a3bb919,c2ff677eb700ac004f4eeb197addb0a71765742e,proto,bridge_fork,9,7,9,0,4,"[""T_0087"",""T_0114"",""T_0120"",""T_0253""]"
T_0052,122b9736a8e9dc721a553b6098e98079638d306b,c2ff677eb700ac004f4eeb197addb0a71765742e,proto,kink_bridge,9,7,9,0,4,"[""T_0087"",""T_0114"",""T_0120"",""T_0253""]"
T_0054,3062ff0d34c2f0e18765c4b71c29e02984d6640f,c2ff677eb700ac004f4eeb197addb0a71765742e,proto,kink_bridge,9,7,9,0,4,"[""T_0087"",""T_0114"",""T_0120"",""T_0253""]"
T_0080,d3587aaac5797c6b238e8faa1af4a544693adcad,2852f0f78c6bde2133c060c706a48b22c4c4b574,proto,kink_bridge,9,7,9,0,4,"[""T_0087"",""T_0114"",""T_0120"",""T_0253""]"
T_0084,99f267cb78c55d9a16f89ac911db43edc2fb3cbe,3c44ff1344ed08976f5f0617512d68566a59eb24,proto,adjacent,9,7,9,0,4,"[""T_0087"",""T_0114"",""T_0120"",""T_0253""]"
T_0086,d9f4b20bb389946e3641ea5e27b2ecfe9f685ca7,df5985f2ebdebc5b7375f68e1014ee097197d65b,proto,adjacent,9,7,9,0,4,"[""T_0087"",""T_0114"",""T_0120"",""T_0253""]"
T_0100,01b3aeed288f83d8b3cb94031b8d24cd8fb57d51,3c44ff1344ed08976f5f0617512d68566a59eb24,proto,kink_bridge,9,7,9,0,4,"[""T_0087"",""T_0114"",""T_0120"",""T_0253""]"
T_0112,271860f48b77228f5db2199b012aed4b12034824,62d49bef64528d1cba603e5e4987e42c6d79fb14,proto,kink_bridge,7,5,7,0,3,"[""T_0087"",""T_0120"",""T_0253""]"
T_0061,cb52750967bf4213c117774215056dd8d36ed15c,387fc9019ebf86ea35ca44b47bba3acd91b1971a,exact,bridge_fork,6,4,6,0,2,"[""T_0087"",""T_0120""]"
T_0075,edfd3ae874e989246bc5a12039f5be7aa3595319,1529b3fed0ad1ee22ef447b54cb1aa763b5234c1,exact,rail_ladder,6,4,6,0,2,"[""T_0087"",""T_0120""]"
T_0079,9d773ac5b8ac8f6e8cdbc9a11384375d084ac654,387fc9019ebf86ea35ca44b47bba3acd91b1971a,exact,kink_bridge,6,4,6,0,2,"[""T_0087"",""T_0120""]"
T_0089,e35c1e35f3f8643f0af31160669da3845a849830,8fda5d3ee69c568ce27c221210e6f2584316b6c4,exact,rail_ladder,6,4,6,0,2,"[""T_0087"",""T_0120""]"
T_0091,32e2d1a46309d3fb06fd35690e8baf652c96224e,387fc9019ebf86ea35ca44b47bba3acd91b1971a,exact,kink_bridge,6,4,6,0,2,"[""T_0087"",""T_0120""]"
T_0093,483bcd603e5f346b176ef979d7863d673742df73,387fc9019ebf86ea35ca44b47bba3acd91b1971a,exact,kink_bridge,6,4,6,0,2,"[""T_0087"",""T_0120""]"
T_0095,08a52505acbd6c06d6df498ebed1d4e12c897179,1529b3fed0ad1ee22ef447b54cb1aa763b5234c1,exact,adjacent,6,4,6,0,2,"[""T_0087"",""T_0120""]"
T_0104,8d84f61a8d1356d4066cbf0742c20c83b6859ba0,78ce20c04ce94d6295d2fa0b0d2c59ea58837850,proto,kink_bridge,6,4,6,0,2,"[""T_0120"",""T_0253""]"
T_0109,d68ef24321751dc2008727fcf40f2ad7b68a4881,05b3b44c1dcc03fbc796425ce2d9efb9e25c7550,proto,kink_bridge,6,4,6,0,2,"[""T_0120"",""T_0253""]"
T_0117,6cc87517a8f416f33b05e6733a0cd1e5e8c7555d,d98c435eb5bbc8dfe6e734dd37137f9ba62d9b18,proto,kink_bridge,6,4,6,0,2,"[""T_0120"",""T_0253""]"
T_0119,3bbb158fae9c13f659e818da6bf6f735419e4f5b,20bc058675752036abd1f8723f2947161152e7a5,proto,kink_bridge,6,4,6,0,2,"[""T_0120"",""T_0253""]"
T_0122,bd45d017aeb8d82c0fc4d9b1d88e0ed40bf40ef6,02415cac952dde6d4e077f8270facbdb2aed153e,proto,bridge_fork,6,4,6,0,2,"[""T_0120"",""T_0253""]"
T_0125,72dc7694bbf4020749f63b506d762ff715ae3715,d8ee2196c833f9f7631a31926a3fb137fae84d07,proto,adjacent,6,4,6,0,2,"[""T_0120"",""T_0253""]"
T_0135,ced1bae3ea268ab6d834562cacec13441e14a1f2,b6b0683a763643e731506af58173189991b9d1e5,proto,rail_ladder,6,4,6,0,2,"[""T_0120"",""T_0253""]"
T_0150,9d22b6bcf41690615dd1fe649254290e25e4d682,b383dc18bc2fc3b41f41c1b5260b55716c95a463,proto,rail_ladder,6,4,6,0,2,"[""T_0120"",""T_0253""]"
T_0263,b942a0b416640585edcfcef2295fa7af9ad5483d,05bfc26d5d02e0ab918ab0699a77dd1a18a48880,proto,rail_ladder,6,4,6,0,0,[]
T_0047,24d2a8fb36d2f0d36cc42735af9c026d49e6c387,260408e2ebc4eb3d4c409b546e95ced951494c5f,exact,bridge_fork,5,3,5,0,2,"[""T_0087"",""T_0120""]"
T_0051,d0ec2cce175d45ca83e3ac37890e278e6baba258,c28506730831c41850f649ac2ab9eee66aa847aa,exact,kink_bridge,5,3,5,0,2,"[""T_0087"",""T_0120""]"
T_0053,62cdcd7890f308b4d18c3ed329130426201113ea,0d36e4349579510d39b45e312b151e49e5ece8a8,exact,kink_bridge,5,3,5,0,2,"[""T_0087"",""T_0120""]"
T_0055,19b7afa31ce866d103bd9dd908cb24e6bb1f6775,260408e2ebc4eb3d4c409b546e95ced951494c5f,exact,kink_bridge,5,3,5,0,2,"[""T_0087"",""T_0120""]"
T_0057,ee1a2bb623959b151cafb8be823a2dfdd26b78f4,8cf3ae0c22c3eb3ce91f3048499ed5b293fc036d,exact,kink_bridge,5,3,5,0,3,"[""T_0087"",""T_0114"",""T_0120""]"
T_0069,2b7693258fe3fb367c7ee5cebfb67e43085ae137,8cf3ae0c22c3eb3ce91f3048499ed5b293fc036d,exact,kink_bridge,5,3,5,0,3,"[""T_0087"",""T_0114"",""T_0120""]"
T_0107,c61c3347459494500f516d1f8669fd26f82e8f00,a0b09e50966365f83335a6e31a77ba203545f697,proto,kink_bridge,5,3,5,0,3,"[""T_0114"",""T_0120"",""T_0253""]"
T_0108,b55f904966956993c941bd2941a8071bf4c08b3a,dab4f28df191f269210c426f0e5a46898622ffdb,proto,bridge_fork,5,3,5,0,1,"[""T_0120""]"
T_0110,2b01d2ef02440c31e57042bac7def8e47b189adb,4dbe927a431d8de0ff8464b5f9e377d9950495a0,proto,kink_bridge,5,3,5,0,2,"[""T_0120"",""T_0253""]"
T_0111,cb0dbff2c57da881e4cf65401c8de140a7def55e,b8796d00408cbdaffad8c9b9774e3777a7999f2e,proto,adjacent,5,3,5,0,2,"[""T_0120"",""T_0253""]"
T_0115,bb8d0e429f9a8001a1d60608344c50c7357e34a0,5de8f30a6bb8d0ec40e73635c79f131c2efcb00a,proto,rail_ladder,5,3,5,0,1,"[""T_0120""]"
T_0118,593d4ca8ee57807defbabc0053f2a3881154a1fa,d31584edf602aca3231c4c5d005448ae44932b67,proto,kink_bridge,5,3,5,0,2,"[""T_0120"",""T_0253""]"
T_0121,f2012527b85c652baa435c3fd4e181e005a783a0,1beaabbc9a688804fe7ab038b8335d2d67ee1be2,proto,rail_ladder,5,3,5,0,1,"[""T_0120""]"
T_0124,29674ebf739ae789c90e97b7905112234d72f1d9,42c309d688d562a5e919ccab7377bab4adc9dc8d,proto,adjacent,5,3,5,0,1,"[""T_0120""]"
T_0126,bb83e5acb09bf30d185b509b71bf4f00e34a9734,81b18c51d1cba8cfbba8e043d084382ab536012f,proto,kink_bridge,5,3,5,0,2,"[""T_0120"",""T_0253""]"
T_0127,1ac6b8765a2faf10ec5cc3652cb4bcb44bc87772,08074663f0f9bfe968b978968369d3074467d742,proto,adjacent,5,3,5,0,2,"[""T_0120"",""T_0253""]"
T_0134,a9b8c6db6d8c9bdf34acf259ea8a650377b80c61,014e0d2f1eb43e9d8828a64cb0b9e7523fe9bb9d,proto,kink_bridge,5,3,5,0,2,"[""T_0120"",""T_0253""]"
T_0137,2c87bf070b90738c46e346dc75055d6d45800fe3,a26c3efb983fb44d98104a320e9e18b1ea90412d,proto,kink_bridge,5,3,5,0,2,"[""T_0120"",""T_0253""]"
T_0139,e6e3087fd3624882f19c4cc3640494c31e23e872,5959a7d1df55bf3389e363e0bd8c17b8df67fd3d,proto,rail_ladder,5,3,5,0,2,"[""T_0120"",""T_0253""]"
T_0140,59655d4f9012d9dfd46c175d49d17457adbdfc8c,3efe119865e91e4f9efae217283c91f297c4846f,proto,kink_bridge,5,3,5,0,2,"[""T_0120"",""T_0253""]"
T_0141,ebf5db46b6400f82ea35799e04977b98e02acaf4,fc486a8aa7d9c17cc1b31e3461c4fe08a2375365,proto,kink_bridge,5,3,5,0,2,"[""T_0120"",""T_0253""]"
T_0145,97266a6f5143a50bc61d244cb4fcd0bb91bb36ce,1d2b49e1530283339e2dda053b65afcddc61abc5,proto,kink_bridge,5,3,5,0,2,"[""T_0120"",""T_0253""]"
T_0151,3074584a90d2f9da98cf48418102e06e62b2c41e,a26c3efb983fb44d98104a320e9e18b1ea90412d,proto,kink_bridge,5,3,5,0,2,"[""T_0120"",""T_0253""]"
T_0152,67f92fc9d629ff1e280c4b825c841dc58fdf0563,d31584edf602aca3231c4c5d005448ae44932b67,proto,kink_bridge,5,3,5,0,2,"[""T_0120"",""T_0253""]"
T_0153,32365a1ada7fa3e56ae54831ee52ba894c592498,59cb940561d962085905250ba43fbc9c39d00756,proto,kink_bridge,5,3,5,0,2,"[""T_0120"",""T_0253""]"
T_0157,57149f0a34720fdb787e6101ee428b2940f302cc,33270a9dcf8c75ad9c123644533d42b18ffcacc0,proto,kink_bridge,5,3,5,0,2,"[""T_0120"",""T_0253""]"
T_0214,372cd481c6fb6fc85b75fa6246ef6f9f393d1ed0,1f6e8c5cd30542904a6c22c7f28917a1c00f8c55,proto,bridge_fork,5,3,5,0,0,[]
T_0215,a97569729eeb6408c22239528b1a2e729b805cb8,1f6e8c5cd30542904a6c22c7f28917a1c00f8c55,proto,bridge_fork,5,3,5,0,0,[]
T_0260,453f83ce82e48da8e3c7f72c0af2f1a262a33038,5b5f2076dbeb4881cbf7d1c676645118d3e26301,proto,rail_ladder,5,3,5,0,2,"[""T_0120"",""T_0253""]"
T_0265,0976f0ed5e6a75bfc07e6a04ae9bbc8e3d84287f,8894b30639e3f17b989d0d8bb004795e4881a859,proto,kink_bridge,5,3,5,0,2,"[""T_0120"",""T_0253""]"
T_0273,3acbf1cec4e31cd3ebc6c654d8faaf0dea5b3ef8,9772809d07e39c1e09412b6030b5c7cbebfd0d43,proto,bridge_fork,5,3,5,0,1,"[""T_0120""]"
T_0274,1b02b9f18d945aecd14cf1dda1093af235c232fd,9772809d07e39c1e09412b6030b5c7cbebfd0d43,proto,kink_bridge,5,3,5,0,1,"[""T_0120""]"
T_0277,684e39235370e66203e7bd016a1b8371785f09ae,5cc69efe08fa943e58b8ea2fc83d4c8885eaf874,proto,rail_ladder,5,3,5,0,1,"[""T_0120""]"
T_0284,403346cfe7436b0431cce0b58f519904a9acd918,9772809d07e39c1e09412b6030b5c7cbebfd0d43,proto,bridge_fork,5,3,5,0,1,"[""T_0120""]"
T_0010,ed1aa8e5f8f3a6e303b5e8b58230190529532431,e5b5a807c79a4ba25580d122a4bf86c296415a98,proto,rail_ladder,4,2,4,0,0,[]
T_0012,df1aa4fedae58a6734ce3a6fb4217aab637c5349,7988105812983a96d6d2d8938b058704d0cb1482,proto,adjacent,4,2,4,0,0,[]
T_0015,1789734f7563836a3f84667dcb0af3fbacf09305,e5b5a807c79a4ba25580d122a4bf86c296415a98,proto,rail_ladder,4,2,4,0,0,[]
T_0016,d9b9ac925219c62b005fa391332fb1333bd3ef7c,7988105812983a96d6d2d8938b058704d0cb1482,proto,rail_ladder,4,2,4,0,0,[]
T_0018,38bfbb414b5e0abf56930743cb5f93b0da16c386,e5b5a807c79a4ba25580d122a4bf86c296415a98,proto,adjacent,4,2,4,0,0,[]
T_0031,f87f3c2f097d9e42fc807497d085350822ffcf8b,c7eb3b621de0ee9890e15800185ad7ae4d8039f1,proto,rail_ladder,4,2,4,0,0,[]
T_0038,0b141bb1cde2b1cf857ae56c43a2f0b3f4da2e52,21efb3da5188037434fc954641ee85b3db0396e9,proto,adjacent,4,2,4,0,0,[]
T_0041,07e1abf7ff16799f352cbf34c49967c89e72eb3a,334087a73b137dbb620351e7c2d5ffa5386111ba,exact,bridge_fork,4,2,4,0,0,[]
T_0043,42b4db00a6063bd389300fe415e247293383e610,6d3781dbf977c8c6f511b373338417b520db1709,exact,kink_bridge,4,2,4,0,0,[]
T_0045,b9436b81463e58f0940c001345b6bead6f6ab61e,334087a73b137dbb620351e7c2d5ffa5386111ba,exact,kink_bridge,4,2,4,0,0,[]
T_0059,962f5621e145e024d7303119e00703d5e399804c,334087a73b137dbb620351e7c2d5ffa5386111ba,exact,rail_ladder,4,2,4,0,0,[]
T_0073,2cd58f030b69428c75c610bfeb0c705648069fad,8e5d4d01d098489850eb2f45da005692283b0989,exact,kink_bridge,4,2,4,0,1,"[""T_0087""]"
T_0077,77862f98faf41c55ca744b4005d197021e23c0be,334087a73b137dbb620351e7c2d5ffa5386111ba,exact,kink_bridge,4,2,4,0,0,[]
T_0097,1c5b3c3848230a598afd52df878b69d5b0a967b3,6e4f3ac9ffa5d5c2252351e1eb6a46d7a1dcecf1,exact,rail_ladder,4,2,4,0,1,"[""T_0087""]"
T_0101,8a10d6987536d85765ae7106aaae999ebe25dde7,943e9880ee9b326221e04f4a22e8a4abfebfcef8,proto,rail,4,2,4,0,1,"[""T_0253""]"
T_0103,377c6e71e79c886a99223e10d3683fdde160de62,66f9cbeaa835a63f3bf3e651d7deddc4042ff5a1,proto,bridge_fork,4,2,4,0,1,"[""T_0120""]"
T_0113,1f882028ba2817cdd923c276300af751d7b67090,8bc1c4a5610d736320e88373734b67345dd23629,proto,kink_bridge,4,2,4,0,1,"[""T_0120""]"
T_0116,60d20bc1d9608594c951703f576e84f2858b84b1,66f9cbeaa835a63f3bf3e651d7deddc4042ff5a1,proto,rail_ladder,4,2,4,0,1,"[""T_0120""]"
T_0129,3416c26d9ccac6750e9c3478d32b54508647836f,66f9cbeaa835a63f3bf3e651d7deddc4042ff5a1,proto,rail_ladder,4,2,4,0,1,"[""T_0120""]"
T_0130,6fb50dcbebf209bd8bd3e4ad7f897b73d0a18479,bc50c383c4db443566561932b33a921714f70c60,proto,kink_bridge,4,2,4,0,2,"[""T_0120"",""T_0253""]"
T_0132,0cf63acbad0bf407be17a83b89c3d886775b3796,630a9ff133558fd9ffb066674c61553ada1d50d9,proto,kink_bridge,4,2,4,0,0,[]
T_0138,d771403a38abd2d7b1d865fba5a3e5435be2e805,b5db70fbe2a0a3e6c1564d6d5a3e18701a9b766a,proto,rail_ladder,4,2,4,0,2,"[""T_0120"",""T_0253""]"
T_0142,5342b3da597dda73987621b8d5d0a20099fe2dd3,a60ee3f082cc374b9b52bfe01605aaceedbe50f2,proto,kink_bridge,4,2,4,0,2,"[""T_0120"",""T_0253""]"
T_0143,f0577ea2e124e9238d94d426104760a709fef747,a60ee3f082cc374b9b52bfe01605aaceedbe50f2,proto,kink_bridge,4,2,4,0,2,"[""T_0120"",""T_0253""]"
T_0144,932d9dddd6e6874afebdcc6b63b78e5aaf147324,a60ee3f082cc374b9b52bfe01605aaceedbe50f2,proto,kink_bridge,4,2,4,0,2,"[""T_0120"",""T_0253""]"
T_0146,11b3d64be8005c95807517de8eedbefe5a68fd95,24d3d8fcd19e64699d82b89ae1e7e1103391bee7,proto,kink_bridge,4,2,4,0,1,"[""T_0120""]"
T_0148,5e6b11357894f548bbf51d1385441e92604f0ad0,630a9ff133558fd9ffb066674c61553ada1d50d9,proto,rail_ladder,4,2,4,0,0,[]
T_0149,b6f5eb03765ea56a190193be60604e84d15ef7d3,24d3d8fcd19e64699d82b89ae1e7e1103391bee7,proto,kink_bridge,4,2,4,0,1,"[""T_0120""]"
T_0154,4a38767d74ba4d51d674bee487cfbf32c12d7dfd,24d3d8fcd19e64699d82b89ae1e7e1103391bee7,proto,kink_bridge,4,2,4,0,1,"[""T_0120""]"
T_0155,6e676dfbbc1c21401dbd78dce37a90ae6b5e223f,2efb193b89c260af6b6e10046f10e821e44b923c,proto,kink_bridge,4,2,4,0,1,"[""T_0120""]"
T_0169,b3b26d70e881c43e46b6b210f22eae5694f3e7cb,7988105812983a96d6d2d8938b058704d0cb1482,proto,adjacent,4,2,4,0,0,[]
T_0178,bf32b72fcc2ec6efaac156ea993cf0e8d27c3e91,630a9ff133558fd9ffb066674c61553ada1d50d9,proto,rail_ladder,4,2,4,0,0,[]
T_0220,147e0b743cf4fa8c94b8122b230fef0ef0854df9,7988105812983a96d6d2d8938b058704d0cb1482,proto,kink_bridge,4,2,4,0,0,[]
T_0224,7a406b4e487938b6bcc72862d4d678d00acf1f2b,7988105812983a96d6d2d8938b058704d0cb1482,proto,bridge_fork,4,2,4,0,0,[]
T_0225,7b680d718615608d01290e9b3859b9cb705cd39e,459f629c8d96fc3166f1de382ad27797ad2e3f01,proto,kink_bridge,4,2,4,0,0,[]
T_0234,baf96fa781f190ebfda3c451a7de6423c129a3af,459f629c8d96fc3166f1de382ad27797ad2e3f01,proto,kink_bridge,4,2,4,0,0,[]
T_0238,fd32e4449f848ad8c2054b9e91b8bfe0ca7e4cf0,459f629c8d96fc3166f1de382ad27797ad2e3f01,proto,kink_bridge,4,2,4,0,0,[]
T_0254,6e3c854854be7a1bb09434aac3a6faf283d4b49f,3c1256e45dd1ac1297fec6844bc6ae472b89f0b5,proto,kink_bridge,4,2,4,0,1,"[""T_0253""]"
T_0256,4d711ef8a113ede398526ad9729131ebc12de370,3c1256e45dd1ac1297fec6844bc6ae472b89f0b5,proto,kink_bridge,4,2,4,0,1,"[""T_0253""]"
T_0259,d5632932c9db82095ac6fd389ac5311fbb0886bc,bc50c383c4db443566561932b33a921714f70c60,proto,kink_bridge,4,2,4,0,2,"[""T_0120"",""T_0253""]"
T_0264,d307e67219cd63dba285cee43fd6b154a4ee2a91,bc50c383c4db443566561932b33a921714f70c60,proto,kink_bridge,4,2,4,0,2,"[""T_0120"",""T_0253""]"
T_0269,8712f9447c4138bfa4010a7c35a0134d92a4d20d,24d3d8fcd19e64699d82b89ae1e7e1103391bee7,proto,kink_bridge,4,2,4,0,1,"[""T_0120""]"
T_0272,4038a58836bb464c587dbffceed6dae82a23fec2,24d3d8fcd19e64699d82b89ae1e7e1103391bee7,proto,kink_bridge,4,2,4,0,1,"[""T_0120""]"
T_0275,4a922b4aea8d2a2635cecf113cd833058bbe070c,00e0e786fe556c79fe18449ea4dde5695b15b69f,exact,rail_ladder,4,2,4,0,1,"[""T_0120""]"
T_0276,128d1a9542f62b02280b2723cd86568f4306735d,2ca22cf139113dcc285d29934dbf37354dc536e9,proto,rail_ladder,4,2,4,0,1,"[""T_0120""]"
T_0279,89305200564a1e14c87ef440e359d5ce28b468e0,24d3d8fcd19e64699d82b89ae1e7e1103391bee7,proto,rail_ladder,4,2,4,0,1,"[""T_0120""]"
T_0280,65812b8ea6358869fc0ed80b3a8eef0e344674a6,24d3d8fcd19e64699d82b89ae1e7e1103391bee7,proto,rail_ladder,4,2,4,0,1,"[""T_0120""]"
T_0283,d0f1ffa7aea60fca2cf7079abc80081fc99fe5e4,24d3d8fcd19e64699d82b89ae1e7e1103391bee7,proto,kink_bridge,4,2,4,0,1,"[""T_0120""]"
T_0288,33bc7752dd4175b9ce18140fc74b22cdeec3e71d,24d3d8fcd19e64699d82b89ae1e7e1103391bee7,proto,kink_bridge,4,2,4,0,1,"[""T_0120""]"
T_0289,2a70f57f6e3b25fe02522c924c4cc7641a92a8b6,24d3d8fcd19e64699d82b89ae1e7e1103391bee7,proto,kink_bridge,4,2,4,0,1,"[""T_0120""]"
T_0004,c647e9ac4caa6b3ca89d68648bc79d9806e426bd,b3243bedb65ac2cab6c148a2db9e10da97a8f531,proto,adjacent,3,1,3,0,0,[]
T_0005,29c210ca84cae3eaac91679b35e7d1eadcbfe848,5f25e7a433fcedab31a525caf69a4ba6ab4201aa,proto,adjacent,3,1,3,0,0,[]
T_0006,a5b5e666f11b4ebedf4118d0c72ffda7884f8432,4148a1420dd31fd66d77fb89b14facc551bc6330,proto,bridge_fork,3,1,3,0,0,[]
T_0007,578396107c367be825e612dc08442457699227cb,4148a1420dd31fd66d77fb89b14facc551bc6330,proto,kink_bridge,3,1,3,0,0,[]
T_0008,98379ea8ff54a5cdfc5620e8e7f91bbe9800cc71,5f25e7a433fcedab31a525caf69a4ba6ab4201aa,proto,kink_bridge,3,1,3,0,0,[]
T_0009,4a1251f111dfe10ad1fbbac5d9f79ca9b61d07c9,a56bb3b854c588d77cf5baab65164c9082ebb822,proto,bridge_fork,3,1,3,0,0,[]
T_0011,e38e38d88936aa798777265fa88d46e22d4d42b4,e5fb991731585e2e32de37b75ba9513c4ec703b4,proto,kink_bridge,3,1,3,0,0,[]
T_0013,992358e4cd8abaed73be909f2f66e1614d207d5a,a56bb3b854c588d77cf5baab65164c9082ebb822,proto,kink_bridge,3,1,3,0,0,[]
T_0014,0e83db1ab5fb43d7883bd22bb6befe11159c8e8f,164fdcdfe8b38e7e3f72f686cd48b539f3933092,proto,kink_bridge,3,1,3,0,0,[]
T_0017,5c3710b2ef041f14a931963762dbaaccb28558e0,609c66db433ddf9152394f0b2562832326a07b2b,proto,adjacent,3,1,3,0,0,[]
T_0019,db4007673a3454caa3df82d9ff6b4a22026e903a,5f25e7a433fcedab31a525caf69a4ba6ab4201aa,proto,rail_ladder,3,1,3,0,0,[]
T_0020,1b0dd0523d048373f716e8d2be05b8a4be018094,3b75d589ff8382ec03a8e3ec0bb6359d15f1f95b,proto,rail_ladder,3,1,3,0,0,[]
T_0021,7fc04615b2f5dda83db5d14f1b497f0d923b47e2,4148a1420dd31fd66d77fb89b14facc551bc6330,proto,rail_ladder,3,1,3,0,0,[]
T_0022,b2cde5ff22dad9d27cd89e028d6870df77dcb63d,e5fb991731585e2e32de37b75ba9513c4ec703b4,proto,kink_bridge,3,1,3,0,0,[]
T_0023,d7e1f829ea939f79fa560f3f660367c356ec5abb,3b75d589ff8382ec03a8e3ec0bb6359d15f1f95b,proto,kink_bridge,3,1,3,0,0,[]
T_0024,84076871231e6b5bd1f724e3e56e0ef48f8e639a,20d7b2d71016036966527515dd444d7d11577528,proto,rail_ladder,3,1,3,0,0,[]
T_0025,1c9f5953a998b33654d16ced55d5f24bb9bfe29b,5f25e7a433fcedab31a525caf69a4ba6ab4201aa,proto,rail_ladder,3,1,3,0,0,[]
T_0026,433ac2464dac04f511bf1a078d39e110c8025b15,efbc4e63e81bc17771a5be6fe8f4d042627827da,proto,rail_ladder,3,1,3,0,0,[]
T_0027,8d7fd4431ce0e14e910a626f105bfea3d01f4104,e5fb991731585e2e32de37b75ba9513c4ec703b4,proto,kink_bridge,3,1,3,0,0,[]
T_0028,90be297fea2947229927c26c43a271cdd223550c,4148a1420dd31fd66d77fb89b14facc551bc6330,proto,rail_ladder,3,1,3,0,0,[]
T_0029,1e099b282ea972370047f4548deafba45252ecc4,4148a1420dd31fd66d77fb89b14facc551bc6330,proto,kink_bridge,3,1,3,0,0,[]
T_0030,a18d4f0f433772b7922410b497b023c94c4c33d9,85b1a843834bcffa0d1ded6cc7f54e6e1d0b9547,proto,rail_ladder,3,1,3,0,0,[]
T_0032,b071ed0000294800d7e8085114ddfeca95d1b545,4148a1420dd31fd66d77fb89b14facc551bc6330,proto,adjacent,3,1,3,0,0,[]
T_0033,d81ac3317a14ae93e6fe7f20501f66d62afe0803,aff2d481d2fbae7622b0fb20515c610c8f8e41ac,proto,rail_ladder,3,1,3,0,0,[]
T_0034,1fcd8bd095027affd447e5ef17ff463a870d7866,5f25e7a433fcedab31a525caf69a4ba6ab4201aa,proto,rail_ladder,3,1,3,0,0,[]
T_0035,28c4a412474db71ae8348a55437f685ee7b62363,5f25e7a433fcedab31a525caf69a4ba6ab4201aa,proto,rail_ladder,3,1,3,0,0,[]
T_0036,11e39522a15f6343c1d43b83db3d0c95491da55d,5f25e7a433fcedab31a525caf69a4ba6ab4201aa,proto,rail_ladder,3,1,3,0,0,[]
T_0037,29ccb8292cadec61a972176ba5c3592aca82b12e,5f25e7a433fcedab31a525caf69a4ba6ab4201aa,proto,rail_ladder,3,1,3,0,0,[]
T_0039,b8480364c82fb03fb7a7ddf6ce1798fa80743b93,c62cc1d3b3a1a6031c5ce386ffcbc2ab6013e505,proto,adjacent,3,1,3,0,0,[]
T_0040,2a604f1678bd08ffd9386c3416f599c2e134155b,85b1a843834bcffa0d1ded6cc7f54e6e1d0b9547,proto,rail_ladder,3,1,3,0,0,[]
T_0049,d5e3dae0ca0559f03ca9e058fb611b27f14d2baf,a16aff3ee41b03204619ae158a6dc786e70df875,exact,kink_bridge,3,1,3,0,0,[]
T_0063,2efa040576094502b3c175ccc660cfe73509e216,a16aff3ee41b03204619ae158a6dc786e70df875,exact,kink_bridge,3,1,3,0,0,[]
T_0065,75de7a86e97803775b335452161db40bfcb40f5e,a16aff3ee41b03204619ae158a6dc786e70df875,exact,kink_bridge,3,1,3,0,0,[]
T_0067,e928edcb2b888ef69977a2bfce37751d7e92cf7b,a16aff3ee41b03204619ae158a6dc786e70df875,exact,kink_bridge,3,1,3,0,0,[]
T_0071,d06b4f4d03157d0ac80110368d6174bdff48e238,a16aff3ee41b03204619ae158a6dc786e70df875,exact,bridge_fork,3,1,3,0,0,[]
T_0081,c400001f321a7535a5c712ed9ffbc4a50e94fb56,a16aff3ee41b03204619ae158a6dc786e70df875,exact,kink_bridge,3,1,3,0,0,[]
T_0083,6b704124efafe35ea674b015734387eaf69a6dc3,a16aff3ee41b03204619ae158a6dc786e70df875,exact,adjacent,3,1,3,0,0,[]
T_0085,ec521e2c7e153e6bb8cd89202ddc3a575e1ef349,72eb931106be5214b5d6c6f2c3d2ddcb28b0de9e,exact,adjacent,3,1,3,0,0,[]
T_0087,1a863e3342ece3ea301b42b29b58098c49202356,a16aff3ee41b03204619ae158a6dc786e70df875,exact,rail,3,1,3,1,0,[]
T_0099,34f5e7cd2604f4e2e21a256aa745b6ec25f1ea38,a16aff3ee41b03204619ae158a6dc786e70df875,exact,kink_bridge,3,1,3,0,0,[]
T_0102,fd3f569d67450a80879434c2a89c87329c5bfc7e,cae7b51c5f86dc4ba9f070f6e458298cbba72d4e,exact,bridge_fork,3,1,3,0,0,[]
T_0105,9dc79919b2c3d41f785c44c8eefbd7b1a495d268,e97f22be8e27ba3930c92391389cfa730f6a7c30,exact,kink_bridge,3,1,3,0,0,[]
T_0106,5e9ed1c26dc65b120f5ff3afe52f10c4906e202d,23a7ff2193310d55570b4a9d0f0117e8fba82ae3,proto,kink_bridge,3,1,3,0,0,[]
T_0114,33519537a9611bc311cf62ffb4dfdb9ece02e5b3,f07ce4b4033a6c4771ca212d7c7d98ebdcc39789,exact,rail_ladder,3,1,3,1,0,[]
T_0120,02771a31df24fdde0f2dd10fb27418e4914f703b,e97f22be8e27ba3930c92391389cfa730f6a7c30,exact,rail_ladder,3,1,3,1,0,[]
T_0123,749888202948a3f0b1e7c60707d9560628f83ea9,e97f22be8e27ba3930c92391389cfa730f6a7c30,exact,adjacent,3,1,3,0,0,[]
T_0128,d64d9d28cacd77f1ce6128345701182da857bf8a,e97f22be8e27ba3930c92391389cfa730f6a7c30,exact,rail_ladder,3,1,3,0,0,[]
T_0131,e4b6e6baaaaf2b13480fa4aa6e6c5adaa71ac5a8,f07ce4b4033a6c4771ca212d7c7d98ebdcc39789,exact,kink_bridge,3,1,3,0,0,[]
T_0133,4214a2dd234465f5be0ffdfd3bdd410d338b795d,f07ce4b4033a6c4771ca212d7c7d98ebdcc39789,exact,kink_bridge,3,1,3,0,0,[]
T_0136,6310bc4542c07a45c5953d519add916a38c2e3da,1b4d94f1c7c3e8880fb1282aeabd02871357d3f6,proto,kink_bridge,3,1,3,0,1,"[""T_0120""]"
T_0147,e21e2d00bdbca4cf4169289451ddc684ba0d7dab,f07ce4b4033a6c4771ca212d7c7d98ebdcc39789,exact,rail_ladder,3,1,3,0,0,[]
T_0156,51c88aaf4e119fd835138ffb9e72d717253d3edf,1b4d94f1c7c3e8880fb1282aeabd02871357d3f6,proto,kink_bridge,3,1,3,0,1,"[""T_0120""]"
T_0158,53e07b81d1e1c396f59475871a000074ba15150c,a5993bd68216ff1366a1ed7920860b45eeccf9ea,proto,rail_ladder,3,1,3,0,0,[]
T_0159,a5e49d040faff064babe29bbc1b7302af92f41cf,23a7ff2193310d55570b4a9d0f0117e8fba82ae3,proto,bridge_fork,3,1,3,0,0,[]
T_0160,b7ded5e600434e26069150e658432ed8c78f8b58,5f25e7a433fcedab31a525caf69a4ba6ab4201aa,proto,adjacent,3,1,3,0,0,[]
T_0161,d44ee2a79f877c5c112711d86d4f87496ef68b43,23a7ff2193310d55570b4a9d0f0117e8fba82ae3,proto,kink_bridge,3,1,3,0,0,[]
T_0162,88ba5c885a981d89255ad257fa365239e28668d2,23a7ff2193310d55570b4a9d0f0117e8fba82ae3,proto,rail_ladder,3,1,3,0,0,[]
T_0163,f6daba85f83b3f118053d9a9b970aa953c14ead1,23a7ff2193310d55570b4a9d0f0117e8fba82ae3,proto,bridge_fork,3,1,3,0,0,[]
T_0164,463df0fb8cd128dea0990a32376cc8850d8773db,23a7ff2193310d55570b4a9d0f0117e8fba82ae3,proto,adjacent,3,1,3,0,0,[]
T_0165,826789beec1ea5023eea70f1604a91fd10bc4b2e,23a7ff2193310d55570b4a9d0f0117e8fba82ae3,proto,rail_ladder,3,1,3,0,0,[]
T_0166,5b8ee223668dd27721c644b93e816b1da7a58a4e,5f25e7a433fcedab31a525caf69a4ba6ab4201aa,proto,adjacent,3,1,3,0,0,[]
T_0167,ad6e0a0a70b0f34a4451dd47f7aea3e61da10fa9,23a7ff2193310d55570b4a9d0f0117e8fba82ae3,proto,kink_bridge,3,1,3,0,0,[]
T_0168,79e848f277046dda1094a76fbf1c8d2ca1e8e47e,5f25e7a433fcedab31a525caf69a4ba6ab4201aa,proto,adjacent,3,1,3,0,0,[]
T_0170,1cc9446f42c468036b4caef3b374cf4e3696657c,23a7ff2193310d55570b4a9d0f0117e8fba82ae3,proto,adjacent,3,1,3,0,0,[]
T_0171,2e35701effc176740417f0fe9d171a2c79cb1232,63a8e8ce4872c888ea732835a7c0bf9d4abd5873,proto,rail_ladder,3,1,3,0,0,[]
T_0172,03f4ee1b2065c4e180c135e56efc573c88ece0d0,23a7ff2193310d55570b4a9d0f0117e8fba82ae3,proto,bridge_fork,3,1,3,0,0,[]
T_0173,5ae4e255cea8134d65c67edd1dc7840ca7a294de,23a7ff2193310d55570b4a9d0f0117e8fba82ae3,proto,bridge_fork,3,1,3,0,0,[]
T_0174,a5ac2940842c08412562258b45cb0d4f948ea0bf,5f25e7a433fcedab31a525caf69a4ba6ab4201aa,proto,adjacent,3,1,3,0,0,[]
T_0175,bc5d3c2ecb61b638f6a25f226d55caa3a6a1b2e8,23a7ff2193310d55570b4a9d0f0117e8fba82ae3,proto,kink_bridge,3,1,3,0,0,[]
T_0176,a0baad23538310aa6f6c6336d814b74c6bf0be8f,23a7ff2193310d55570b4a9d0f0117e8fba82ae3,proto,kink_bridge,3,1,3,0,0,[]
T_0177,c6ae1c99661adfdfbf0ac294f86454a628ca9eec,23a7ff2193310d55570b4a9d0f0117e8fba82ae3,proto,kink_bridge,3,1,3,0,0,[]
T_0179,2056f4939945647b428fd308c50e25253b788321,23a7ff2193310d55570b4a9d0f0117e8fba82ae3,proto,kink_bridge,3,1,3,0,0,[]
T_0180,960ba90a85592024c5073aef5e3084f32a2acd08,0514fa31be6a766f2d41a7686c3fe4e057602740,proto,kink_bridge,3,1,3,0,0,[]
T_0181,9d46f9bf4e137f6936ea387c15add7f72baf0e48,23a7ff2193310d55570b4a9d0f0117e8fba82ae3,proto,kink_bridge,3,1,3,0,0,[]
T_0182,19889b51c77a142dee780ef0a8ad4abbb13d120f,23a7ff2193310d55570b4a9d0f0117e8fba82ae3,proto,kink_bridge,3,1,3,0,0,[]
T_0183,59fb4ba269ebd151dd52658b7bf1804ea1eb5c1d,5f25e7a433fcedab31a525caf69a4ba6ab4201aa,proto,rail_ladder,3,1,3,0,0,[]
T_0184,f027a785101a93f984b7b896d9cbdd8a3aacf759,23a7ff2193310d55570b4a9d0f0117e8fba82ae3,proto,kink_bridge,3,1,3,0,0,[]
T_0185,91910c94accae0e39efa12006863e90e1eabe17f,0514fa31be6a766f2d41a7686c3fe4e057602740,proto,kink_bridge,3,1,3,0,0,[]
T_0186,ec4b20d217d8630afd8071146515e95d06386d0a,0514fa31be6a766f2d41a7686c3fe4e057602740,proto,kink_bridge,3,1,3,0,0,[]
T_0187,33a5981071b23ac126312aaf68622b94414af7bc,23a7ff2193310d55570b4a9d0f0117e8fba82ae3,proto,rail_ladder,3,1,3,0,0,[]
T_0188,516f0e2e4702a6db89d9cf5a7541c4baf6410c95,23a7ff2193310d55570b4a9d0f0117e8fba82ae3,proto,kink_bridge,3,1,3,0,0,[]
T_0189,2c08f5f95ebdd3cafc86fa87e547c2a1339310ef,23a7ff2193310d55570b4a9d0f0117e8fba82ae3,proto,kink_bridge,3,1,3,0,0,[]
T_0190,c7e7ecc9e8897a4217bc98cceae0ccc6f76d38d9,5f25e7a433fcedab31a525caf69a4ba6ab4201aa,proto,rail_ladder,3,1,3,0,0,[]
T_0191,9ab7846db2f5375b6b0762f3b7fef9f700ca018f,23a7ff2193310d55570b4a9d0f0117e8fba82ae3,proto,kink_bridge,3,1,3,0,0,[]
T_0192,e18b57739ee6ed7de830741f7b9247863bdea8fa,23a7ff2193310d55570b4a9d0f0117e8fba82ae3,proto,kink_bridge,3,1,3,0,0,[]
T_0193,65eb2a23f9e5a2ce8d0a4661bbe6842d945122ce,23a7ff2193310d55570b4a9d0f0117e8fba82ae3,proto,kink_bridge,3,1,3,0,0,[]
T_0194,b3661d11c3385c36a6a02952d1c0b84a06d93ca4,63a8e8ce4872c888ea732835a7c0bf9d4abd5873,proto,rail_ladder,3,1,3,0,0,[]
T_0195,d3aa06d1af8db7c42e5723bdf710c165abb67ff8,23a7ff2193310d55570b4a9d0f0117e8fba82ae3,proto,kink_bridge,3,1,3,0,0,[]
T_0196,369f759eb11fcd91dc2a4de1d19844c7a6810893,23a7ff2193310d55570b4a9d0f0117e8fba82ae3,proto,kink_bridge,3,1,3,0,0,[]
T_0197,71e5e9af18845238b3bb2f25dcaa77985277092f,23a7ff2193310d55570b4a9d0f0117e8fba82ae3,proto,kink_bridge,3,1,3,0,0,[]
T_0198,a0d9939b59030d5d4e1ac0ba01f3ec8122410bef,23a7ff2193310d55570b4a9d0f0117e8fba82ae3,proto,kink_bridge,3,1,3,0,0,[]
T_0199,8e2d8d05956726cb613f22d7d655707cee914aec,23a7ff2193310d55570b4a9d0f0117e8fba82ae3,proto,rail_ladder,3,1,3,0,0,[]
T_0200,5fc9d5584269228065f55c1440ab3c7db9e94009,23a7ff2193310d55570b4a9d0f0117e8fba82ae3,proto,kink_bridge,3,1,3,0,0,[]
T_0201,ec60927b1493cdc72269d800dfb293f2c570602a,23a7ff2193310d55570b4a9d0f0117e8fba82ae3,proto,rail_ladder,3,1,3,0,0,[]
T_0202,7f0b578f1a2f639c27a033612583ff5f0ed62736,5f25e7a433fcedab31a525caf69a4ba6ab4201aa,proto,rail_ladder,3,1,3,0,0,[]
T_0203,ac57b65d663661e89437f0d5f6cc12f6f8a80c36,23a7ff2193310d55570b4a9d0f0117e8fba82ae3,proto,rail_ladder,3,1,3,0,0,[]
T_0204,a3c4a6276ce925501778b4b8ff994c01f851342f,23a7ff2193310d55570b4a9d0f0117e8fba82ae3,proto,kink_bridge,3,1,3,0,0,[]
T_0205,813a07eccebe0e629d1021850818ddf905259eea,23a7ff2193310d55570b4a9d0f0117e8fba82ae3,proto,kink_bridge,3,1,3,0,0,[]
T_0206,88b967d01e1f87cbc22d3e590b8a8982d49a3a0c,23a7ff2193310d55570b4a9d0f0117e8fba82ae3,proto,kink_bridge,3,1,3,0,0,[]
T_0207,d87db81a26f79a6c5ef3bfe4dad3dcf2eecc4d3c,23a7ff2193310d55570b4a9d0f0117e8fba82ae3,proto,kink_bridge,3,1,3,0,0,[]
T_0208,a2b94cc9ddc6c2f2ecf551eb07a870311d3016b9,23a7ff2193310d55570b4a9d0f0117e8fba82ae3,proto,kink_bridge,3,1,3,0,0,[]
T_0209,9a9e89901abed4062d70534264efb05129b84d34,63a8e8ce4872c888ea732835a7c0bf9d4abd5873,proto,rail_ladder,3,1,3,0,0,[]
T_0210,b8931422f7c84c8e3261f2b0bd85880429ea19fb,23a7ff2193310d55570b4a9d0f0117e8fba82ae3,proto,kink_bridge,3,1,3,0,0,[]
T_0211,3f9304eb0680b88809f3812106bc990a7c52e2a1,23a7ff2193310d55570b4a9d0f0117e8fba82ae3,proto,kink_bridge,3,1,3,0,0,[]
T_0212,ff5c71034821c8ea97b0255188a51908667c71a4,23a7ff2193310d55570b4a9d0f0117e8fba82ae3,proto,kink_bridge,3,1,3,0,0,[]
T_0213,08de99b709d5cd0dc4fc6bc60f637f4ecdfcccc1,23a7ff2193310d55570b4a9d0f0117e8fba82ae3,proto,kink_bridge,3,1,3,0,0,[]
T_0216,b0076a4628cf55caea53b5723ff22db78fd947bd,85b1a843834bcffa0d1ded6cc7f54e6e1d0b9547,proto,rail_ladder,3,1,3,0,0,[]
T_0217,61ceb81a70e1c28c0904ff32c08cfb756540243b,6bf1629120f5475b6c9300722e488132a5a10f95,proto,adjacent,3,1,3,0,0,[]
T_0218,e55c212633307e3272162efa9aee3fc3027f605b,6bf1629120f5475b6c9300722e488132a5a10f95,proto,adjacent,3,1,3,0,0,[]
T_0219,50d6366470ac12a46255a9efc65eb6e23f1da8f3,4148a1420dd31fd66d77fb89b14facc551bc6330,proto,kink_bridge,3,1,3,0,0,[]
T_0221,562f29e8393b9a3644f810a94403824013f9c5b9,6bf1629120f5475b6c9300722e488132a5a10f95,proto,kink_bridge,3,1,3,0,0,[]
T_0222,72a797da8b3539fcb59d9bc7e76ef93c37089a4c,6bf1629120f5475b6c9300722e488132a5a10f95,proto,kink_bridge,3,1,3,0,0,[]
T_0223,bc5537b3f67f592d038c6a5257d905db09cfd08e,6bf1629120f5475b6c9300722e488132a5a10f95,proto,kink_bridge,3,1,3,0,0,[]
T_0226,d9db7b532ef9839803279de728e9f93a0017836b,6bf1629120f5475b6c9300722e488132a5a10f95,proto,kink_bridge,3,1,3,0,0,[]
T_0227,c1d225511647c2c5383068881c4178272037fc48,4148a1420dd31fd66d77fb89b14facc551bc6330,proto,kink_bridge,3,1,3,0,0,[]
T_0228,10c069cf3c4e55a9c1b839089f2f5675a64ffa26,380f9c375b5a8f7c00778aeaa0bc912b41458faf,proto,adjacent,3,1,3,0,0,[]
T_0229,5d9ad4c69d89391348b2363d6253fffb71684c27,149c21657e9969705d1ccd505f055108cdb0f8d1,proto,adjacent,3,1,3,0,0,[]
T_0230,502243ec4f2671c2dd1350ffc73d68a41bb98ae5,6bf1629120f5475b6c9300722e488132a5a10f95,proto,rail_ladder,3,1,3,0,0,[]
T_0231,30c332a4a6f62d510a34b6be6313fbbbd5aeaa40,6bf1629120f5475b6c9300722e488132a5a10f95,proto,rail_ladder,3,1,3,0,0,[]
T_0232,80db9e11564ddeee9d3784d579297f19dcf9c0cb,6bf1629120f5475b6c9300722e488132a5a10f95,proto,bridge_fork,3,1,3,0,0,[]
T_0233,894561ce488e32c044c6514453350c959944cbec,6bf1629120f5475b6c9300722e488132a5a10f95,proto,bridge_fork,3,1,3,0,0,[]
T_0235,bb7ab59bff97b54c7e84d4d7efc746274a8bdc94,6bf1629120f5475b6c9300722e488132a5a10f95,proto,rail_ladder,3,1,3,0,0,[]
T_0236,f60ca34aad5468b950276641823ec176c40517fd,6bf1629120f5475b6c9300722e488132a5a10f95,proto,kink_bridge,3,1,3,0,0,[]
T_0237,412be542cd667ce6e32873b58c1c7f074b322d63,4148a1420dd31fd66d77fb89b14facc551bc6330,proto,kink_bridge,3,1,3,0,0,[]
T_0239,9ce7b7973c3c69f2b4d903c613c0f3be12494ffa,6bf1629120f5475b6c9300722e488132a5a10f95,proto,kink_bridge,3,1,3,0,0,[]
T_0240,20f7bf0b4eccf1abd549b56076c62a6e4f8efa87,6bf1629120f5475b6c9300722e488132a5a10f95,proto,kink_bridge,3,1,3,0,0,[]
T_0241,5411649219e7020da353e82e451d42ec9fc62b47,6bf1629120f5475b6c9300722e488132a5a10f95,proto,kink_bridge,3,1,3,0,0,[]
T_0242,0fd6c1d150d872ba0228e7ac0eb43ba99af99acb,6bf1629120f5475b6c9300722e488132a5a10f95,proto,kink_bridge,3,1,3,0,0,[]
T_0243,114b1ca8823fcb874fc55ff282654733de38fe76,86ba982160fd37691d884859d8075fedc31232e3,proto,rail_ladder,3,1,3,0,0,[]
T_0244,ca32621f534c7d088ad1bc397b7ef105ad13004d,4148a1420dd31fd66d77fb89b14facc551bc6330,proto,kink_bridge,3,1,3,0,0,[]
T_0245,8dc803b07f0c61e4325f8de6a1b5ab1320d59f5b,6bf1629120f5475b6c9300722e488132a5a10f95,proto,kink_bridge,3,1,3,0,0,[]
T_0246,f0f382d2f3db6eeefcbfc89af8c9afce6ae4f401,6bf1629120f5475b6c9300722e488132a5a10f95,proto,kink_bridge,3,1,3,0,0,[]
T_0247,b2b797490beb01781f9948d63c2843ba9200d6c5,4148a1420dd31fd66d77fb89b14facc551bc6330,proto,adjacent,3,1,3,0,0,[]
T_0248,6a6914ed403554935f15c68d69a73e1a717e6bb7,5f25e7a433fcedab31a525caf69a4ba6ab4201aa,proto,rail_ladder,3,1,3,0,0,[]
T_0249,bf4aee998019c6a4e224573c9c9cc8b9858a6bca,5f25e7a433fcedab31a525caf69a4ba6ab4201aa,proto,kink_bridge,3,1,3,0,0,[]
T_0250,1b7b73f7499caa353d0184e0189e1497688105e6,a5993bd68216ff1366a1ed7920860b45eeccf9ea,proto,kink_bridge,3,1,3,0,0,[]
T_0251,fe382ca7324f8f4c74af4fe826676d209b26b85b,5f25e7a433fcedab31a525caf69a4ba6ab4201aa,proto,kink_bridge,3,1,3,0,0,[]
T_0252,e588fa6d90c4cb2252288fe480409dc9f9fe3bc0,ab6e789b0cebccaa9c8258485f9663af3d847b6a,proto,kink_bridge,3,1,3,0,0,[]
T_0253,0a42b83b5e572a8e0f2617aea3bef11d8b8e6174,af72e18e651a9492ed1d2cca705180b462ee08e0,proto,kink_bridge,3,1,3,1,0,[]
T_0255,8d2cebd7ce57529997500d8b93dc86f2265698b3,af72e18e651a9492ed1d2cca705180b462ee08e0,proto,kink_bridge,3,1,3,0,0,[]
T_0257,0e7cdc4a50c219268a714f1b0bb2a5327d97dffe,cec98a22f7069fb9ab722cbf217f7e9c4b01b5c8,proto,rail,3,1,3,0,0,[]
T_0258,4b45b4c7b0b7c79e0bc607ed174e6001d146ef1b,af72e18e651a9492ed1d2cca705180b462ee08e0,proto,kink_bridge,3,1,3,0,0,[]
T_0261,eba28ca669cb537a807a3e95784eb303c4cdf148,d7d0e3ffea9ec8c96b07f7133ad286d63fe28145,proto,kink_bridge,3,1,3,0,1,"[""T_0120""]"
T_0262,77f0a75f990c7ffcd5523883289f642d20879eae,d7d0e3ffea9ec8c96b07f7133ad286d63fe28145,proto,kink_bridge,3,1,3,0,1,"[""T_0120""]"
T_0266,0238dac82560cb4fd18f814bdc12c519d9027a1f,1b4d94f1c7c3e8880fb1282aeabd02871357d3f6,proto,kink_bridge,3,1,3,0,1,"[""T_0120""]"
T_0267,9172c23829214f9b63717c0e416dd670ab743695,d7d0e3ffea9ec8c96b07f7133ad286d63fe28145,proto,adjacent,3,1,3,0,1,"[""T_0120""]"
T_0268,5808c041ed25f055565ca32719e5360a0d61eaa8,1b4d94f1c7c3e8880fb1282aeabd02871357d3f6,proto,kink_bridge,3,1,3,0,1,"[""T_0120""]"
T_0270,fb882e3302c3bb706228d72680eb81bfecef79cc,cae7b51c5f86dc4ba9f070f6e458298cbba72d4e,exact,adjacent,3,1,3,0,0,[]
T_0271,cf7dc684d97c581b9a5421c244b56a3aacbfa73c,e5fb991731585e2e32de37b75ba9513c4ec703b4,proto,adjacent,3,1,3,0,0,[]
T_0278,7343a209f6f02cbcac9e367b609bd8e24847c1cb,1b4d94f1c7c3e8880fb1282aeabd02871357d3f6,proto,kink_bridge,3,1,3,0,1,"[""T_0120""]"
T_0281,51ba7c26fb5dce3b33e096f9464f02850ac8baca,1b4d94f1c7c3e8880fb1282aeabd02871357d3f6,proto,kink_bridge,3,1,3,0,1,"[""T_0120""]"
T_0282,d54d93548999084670eb551c638e1306154d7c7b,d7d0e3ffea9ec8c96b07f7133ad286d63fe28145,proto,kink_bridge,3,1,3,0,1,"[""T_0120""]"
T_0285,d80a350fbacabe4372988ce55ade34d8a7e8d7e5,1b4d94f1c7c3e8880fb1282aeabd02871357d3f6,proto,kink_bridge,3,1,3,0,1,"[""T_0120""]"
T_0286,9ca8c619c61658d7f3d3e6df4eced2e1923f43b0,1b4d94f1c7c3e8880fb1282aeabd02871357d3f6,proto,kink_bridge,3,1,3,0,1,"[""T_0120""]"
T_0287,5b2f7dd790bc114ca26de10929a3c5dd444549b1,d7d0e3ffea9ec8c96b07f7133ad286d63fe28145,proto,kink_bridge,3,1,3,0,1,"[""T_0120""]"
T_0290,582e82dfa8b24d8b07323e26b743034a8eb101a4,4753571235758b8b648f83cc294146cbdd70ab77,proto,rail_ladder,3,1,3,0,1,"[""T_0120""]"
T_0291,139459f413975e193bc9bf67ff67160f9d55eeed,d7d0e3ffea9ec8c96b07f7133ad286d63fe28145,proto,kink_bridge,3,1,3,0,1,"[""T_0120""]"
T_0292,5fbed499f068ea81a9ce1808e7f13f975588de82,d7d0e3ffea9ec8c96b07f7133ad286d63fe28145,proto,rail_ladder,3,1,3,0,1,"[""T_0120""]"
T_0293,67dc7600f4cecb66fe66e33b44a080619e1721f6,53b93ca411023c3934a82853b4ff27012093e9b9,proto,kink_bridge,3,1,3,0,0,[]
T_0294,2383e0c7eb184875af1080a9a9c35f7411be5bc0,d7d0e3ffea9ec8c96b07f7133ad286d63fe28145,proto,kink_bridge,3,1,3,0,1,"[""T_0120""]"
T_0295,97d6e92f78257cded1f46b0686c4e851317b13ac,d7d0e3ffea9ec8c96b07f7133ad286d63fe28145,proto,adjacent,3,1,3,0,1,"[""T_0120""]"
T_0296,001d77d375f84ac1113cd11c32812b4e80515549,0514fa31be6a766f2d41a7686c3fe4e057602740,proto,bridge_fork,3,1,3,0,0,[]
